Sr No,IP Trigger
1,"Copy  object and Impart new function or property

Ex: Copy fan blade to cancel acoustic noise, Copy battery electrode for high discharge currents, create second screen desktop environment on laptop, Immersive, Augmented ,Virtual Reality applications"
2,"Increase/ Expand  Degrees of Freedom for geometry , Form, Shape, Convolutions, Size in X, Y, Z, R, θ direction

Ex: Curved Solar Panel, Twisted Aerodynamic Blades, Corrugated sheets for high strength
"
3,"Make Static Parts Movable / Variable

Ex: Collapsible Landing Gears, Adjustable steering /seatings in car, flow control valves"
4,"Use Active Electric  Fields for Energy Source (Electric,Electrostatic, Magnetic, Electromagnetic, Solar)

Ex:Solar powered Electric heater, Electric Vehicles, LiDAR, Magnetic Coupling, Passive Radiative Cooling"
5,"Use High Density Energy  Source or More than one Energy Source ( Gravity, Pressure, Thermal, Chemical,  Hydraulic, Pnuematic, Flow, Electric)

Ex: Electric Hybrids, Lithium electrodes, High Temperature Thermodynamic cycles"
6,"Use advanced material properties. Integrate more materials or their properties

Ex: Light Weight Composites, High Entropy Alloy, Type-IV Hydrogent Storage Cylinder,"
7,"Use Active  Energy fields for Controlling objects ( Gravity, Thermal, Chemical,  Hydraulic, Pnuematic, Rotational, Flow, Biological)

Ex: Front Loaded Washing Machine (Gravity based), Quicklime mixes with water to heat food, DNA Based Data Storage, Nueromorphological Chip for AI "
8,"Engage Available Substance, Dimensions, Information and Energy  Resources

Ex: Na-ion battery, Use sensor information for progostics or diagnostics,  Use Air as cathode for Li-Air battery, Waste Thermal Energy in Data Center is Used for adsorption chillers"
9,"Segment or Divide the object, system or function into smaller components

Ex: Coal is crushed / Fuel is atomized for efficient combustion, Railway is segmented into coaches for managing turning radius, 3D Priniting, Modular Design to plug and remove components"
10,"Increase Dynamism, Real Time, Deeper, Direct, Local Control of the system 

Ex:  Quantum simulation for Drug discovery , Low Earth Orbit Satellites for accurate readings,  Variable Frquency Drive for motors, Active noise cancellation,
"
11,"Use coatings on the base material or structure

Ex: Catalytic Coating on substrate, Anti Corrosion coating on metals, friction coating for rubbing surfaces"
12,"Use Smart Material which changes properties with external stiumuls

Ex: Rehelogical fluid with controllable viscosity , Electro Catalysts, Non Newtonian Fluid"
13,"Use more information sources / sensors across object / structure to make decision
Ex: Digital Twin / iOT,  Open Supply Chain for food with Blockchain of information at every stage, Digestible Sensors for Body,  Use physical sensors information during AI training"
14,"Add new function, feature and property to object to serve system / supersystem objectives
Ex: Engine also acts as Brake for vehicle, A noise fog is added to signal for robust encryption, Add function of warming water to water filter. "
15,"Increase bandwidth or  rate of decisions made for a control algorithm or unit

Ex: High clock speed & response time in F1 cars, 6G Network, Adaptive control for real time optimization, Wide Bandgap Semiconductors"
16,"Modify or reverse the root cause itself to solve the problem 

Ex: Nail seals Tubeless Tyre rather than puncturing it, Self Healing Polymers, 4D Biopriniting with Self Healing Tissues,  Fibre Optics cable with every interaction reflects the light ahead "
17,"Perform the action at micro / nano scales 
ex. Quantum Dots for Solar cell,  Vaccination, Small Modular Reactors , sub 3nm semiconductor chip, carnon Nano tubes, microfluidic cooling of GPU chips"
18,"Modify  the object to peform functions of immediate neighbours

Ex: Motor also works as generator in Hybrid. Wheel also functioning as Tyre, Washing machine also has dryer, Solar Panel with battery storage"
19,"Modify the object to perform or support Supersystem functions

ex. Mobile functioning as camera, calculator, social networking , Pen with pointer, scanner, memory. Car equipped with Tour Guide feature"
20,"Convert Waste Energy /Objects into Use during or off the mission

Ex: Regenerative Braking,  Second Usasage of Battery, Use Coal Ash into Construction materials"
21,"Modify, control & engage objects / flow in rhythm, frequency or resonance with envionmental conditions or constraints of mission 

Ex: Musical Orchestra, Just in time production system, Intake system resonance frequency tune to match engine speed, Tethered Floating Wind Turbine Farms, Flash Radiotherapy to reduced damange for Cancer Cure"
22,"Use Sacrificial Objects in the system 

Ex: Fuse in the electrical circuit, Lubrication Oil, Use and Throw paper cups"
23,"Introduce a minimal changes for Working element to achieve desired state all by ITSELF

Ex. Clothes clean and dry all by itself, Voice prompted writing, Autonous car / Robotaxis drives by itself"
24,"Use Modular & Non Uniform Structure

Ex: Pizza with base and toppings,  Bicycles with Common Frame, Plug and Play android apps"
25,"Use Phase change Material & phenomenon (Solid, Liquid, Gel, Plasma)

Ex: Refrigeration Fluid,  Phase change material for Heat storage at High Temp ,  Thermostat Wax, Dry Ice (solid CO2) for food storage"
26,"Use or Impart Elasticity, Flexibility, Controllability and Sustainability to the objects

Ex: Flexible Electronic devices, Helicopter blades, Shock absorbers, Biodegradable Plastics
"
27,"Increase no of Dynamics /kinematic Joints in the structure 

Ex: Robotic Arm,  Excavator Mechanisms, Dual Clutch transmission(DCT)"
28,"Collect more feedbacks and inputs from internal system to perform intelligent actions

Ex:  Online customer survey, Close loop system control , Compensation for performance deterioration
"
29,"Deploy more actuators in the system for higher controllability 

Ex: Electronic power steering, Electronic valves, active Suspension for Each Wheel"
30,"Make Features / properties non linear, non uniform, assymetric

Ex: Stratified Combustion,  Pnemuatic Suspension (non linear stiffness), Assymetric Tyre Pressure for better control"
31,"Modify the solution parameters to integrate with context, enviornment,  supersystem 

Ex: Text Editor equipped with Voice command & language enricher, Custom or Application specific semiconductor chips, DC fast charing,  Wearable technologies like Glass, watches, health sensors for better human experience & well being
"
32,"Use more than one material or properties of the objects to enhance ideality (Mechanical, Chemical, Thermal, Electrical etc)

Ex: Hydrogen blending to achieve better chemical and diffusion properties, Solid state electrolyte with high ionic conductivity and mechanical strength, Compsites, High Entropy Alloy"
33,"Use Proactive or Real time Counter-action in the design / mfg / assembly / commisioning 

Ex: Bicycles spokes are pre-tightened to bear higher compressive loads, Preempitive / Anticipative Cybersecurity, 
Airbags, Counter- Drones,  Emergency Shut Down  Protocols for machine"
34,"Seek Inspiration from Nature / World where similar problem arises & is already solved
Ex: Facial biometric features in car adopted from security system, High speed low noise feature for bullet train from Kingfisher Beak, Efficient Space Utilization from Honeycomb design"
35,"Use Porous Structure, Thin Films, Flexible Elements

Ex: Porous stucture for catalytic reactions, Fully Flexible wearable phone, Rotor /stator made up using thin laminations"
36,"Distribute, coordinate, control  flow,  propeties, energy sources across space and time

Ex: Domain Specific Small Lanugauge Model for AI, Electronic Brake Distrubution, Rearrange flow distribution over radiator for max heat transfer,  Use renewables during peak load and grid for normal load, Microgrids"
37,"Elliminate the manual interventions,  expensive, bulky , troubling object from the system & transfer its function

Ex: Agentic AI, AGI, Discard the used fule tanks in stages during rocket launch,  elliminate intermediaries with Blockchain, wireless sensors / charging , Automatic Transmission, Colloborative Robots (Cobots), Cloud computing"
